{
    "model": "ABOD",
    "best_params": {
        "contamination": 0.001,
        "n_neighbors": 50
    },
    "roc_auc": 0.8342001316655695,
    "f1": 0.5971705137751303,
    "precision": 0.5009369144284822,
    "recall": 0.7391705069124423
}