{
    "model": "COPOD",
    "best_params": {
        "contamination": 0.05
    },
    "roc_auc": 0.9547522311081333,
    "f1": 0.7166178317287568,
    "precision": 0.656441717791411,
    "recall": 0.7889400921658987
}