{
    "model": "ECOD",
    "best_params": {
        "contamination": 0.001
    },
    "roc_auc": 0.9535814593063795,
    "f1": 0.6746698679471789,
    "precision": 0.9672977624784854,
    "recall": 0.5179723502304148
}