{
    "model": "HBOS",
    "best_params": {
        "contamination": 0.001,
        "n_bins": 75,
        "tol": 0.1
    },
    "roc_auc": 0.9999994156853427,
    "f1": 0.9657320872274143,
    "precision": 0.9337349397590361,
    "recall": 1.0
}