{
    "model": "IForest",
    "best_params": {
        "contamination": 0.01,
        "max_features": 0.75,
        "max_samples": 0.7,
        "n_estimators": 50,
        "random_state": 42
    },
    "roc_auc": 0.8945839874411303,
    "f1": 0.6506550218340611,
    "precision": 0.49174917491749176,
    "recall": 0.9612903225806452
}