{
    "model": "KNN",
    "best_params": {
        "contamination": 0.001,
        "method": "largest",
        "n_neighbors": 50
    },
    "roc_auc": 0.7874952767898531,
    "f1": 0.634493670886076,
    "precision": 0.5557865557865558,
    "recall": 0.7391705069124423
}