{
    "model": "PCA",
    "best_params": {
        "contamination": 0.01,
        "n_components": 20,
        "random_state": 42
    },
    "roc_auc": 0.9434247071609709,
    "f1": 0.6392367322599881,
    "precision": 0.4724548259144998,
    "recall": 0.9880184331797235
}