{
    "model": "ABOD",
    "best_params": {
        "contamination": 0.001,
        "n_neighbors": 100
    },
    "roc_auc": 0.7507424691579246,
    "f1": 0.5434884814292431,
    "precision": 0.5547024952015355,
    "recall": 0.5327188940092166
}