{
    "model": "COPOD",
    "best_params": {
        "contamination": 0.05
    },
    "roc_auc": 0.9008336222444694,
    "f1": 0.5584795321637427,
    "precision": 0.5925542916235781,
    "recall": 0.528110599078341
}