{
    "model": "ECOD",
    "best_params": {
        "contamination": 0.01
    },
    "roc_auc": 0.9107260693932088,
    "f1": 0.6007403490216816,
    "precision": 0.7047146401985112,
    "recall": 0.5235023041474655
}