{
    "model": "HBOS",
    "best_params": {
        "contamination": 0.001,
        "n_bins": 10,
        "tol": 0.1
    },
    "roc_auc": 0.9874434675569025,
    "f1": 0.9588785046728971,
    "precision": 0.9725118483412323,
    "recall": 0.9456221198156682
}