{
    "model": "IForest",
    "best_params": {
        "contamination": 0.01,
        "max_features": 0.75,
        "max_samples": 0.1,
        "n_estimators": 50,
        "random_state": 42
    },
    "roc_auc": 0.9437332253000457,
    "f1": 0.8413161182840483,
    "precision": 0.7674772036474165,
    "recall": 0.9308755760368663
}