{
    "model": "INNE",
    "best_params": {
        "contamination": 0.001,
        "max_samples": 10,
        "random_state": 42
    },
    "roc_auc": 0.8513173373949694,
    "f1": 0.6951292844257366,
    "precision": 1.0,
    "recall": 0.5327188940092166
}